{
	"Version": 3,
	"Meta": {
		"Duration": 2.3,
		"Fps": 30.0,
		"Loop": true,
		"AreBeziersRestricted": true,
		"CurveCount": 26,
		"TotalSegmentCount": 52,
		"TotalPointCount": 130,
		"UserDataCount": 0,
		"TotalUserDataSize": 0
	},
	"Curves": [
		{
			"Target": "Parameter",
			"Id": "ParamAngleX",
			"Segments": [
				0,
				-30,
				1,
				0.189,
				-30,
				0.378,
				0,
				0.567,
				0,
				0,
				2.3,
				0
			]
		},
		{
			"Target": "Parameter",
			"Id": "ParamAngleY",
			"Segments": [
				0,
				0,
				0,
				2.3,
				0
			]
		},
		{
			"Target": "Parameter",
			"Id": "ParamAngleZ",
			"Segments": [
				0,
				-30,
				1,
				0.078,
				-30,
				0.156,
				-30.694,
				0.233,
				-29,
				1,
				0.411,
				-25.128,
				0.589,
				16,
				0.767,
				16,
				1,
				0.911,
				16,
				1.056,
				-13,
				1.2,
				-13,
				0,
				2.3,
				-13
			]
		},
		{
			"Target": "Parameter",
			"Id": "ParamCheek",
			"Segments": [
				0,
				0,
				0,
				2.3,
				0
			]
		},
		{
			"Target": "Parameter",
			"Id": "ParamEyeLOpen",
			"Segments": [
				0,
				1,
				1,
				0.178,
				1,
				0.356,
				1,
				0.533,
				1,
				1,
				0.578,
				1,
				0.622,
				0,
				0.667,
				0,
				0,
				2.3,
				0
			]
		},
		{
			"Target": "Parameter",
			"Id": "ParamEyeLSmile",
			"Segments": [
				0,
				0,
				1,
				0.178,
				0,
				0.356,
				0,
				0.533,
				0,
				1,
				0.578,
				0,
				0.622,
				1,
				0.667,
				1,
				0,
				2.3,
				1
			]
		},
		{
			"Target": "Parameter",
			"Id": "ParamEyeROpen",
			"Segments": [
				0,
				1,
				1,
				0.178,
				1,
				0.356,
				1,
				0.533,
				1,
				1,
				0.578,
				1,
				0.622,
				0,
				0.667,
				0,
				0,
				2.3,
				0
			]
		},
		{
			"Target": "Parameter",
			"Id": "ParamEyeRSmile",
			"Segments": [
				0,
				0,
				1,
				0.178,
				0,
				0.356,
				0,
				0.533,
				0,
				1,
				0.578,
				0,
				0.622,
				1,
				0.667,
				1,
				0,
				2.3,
				1
			]
		},
		{
			"Target": "Parameter",
			"Id": "ParamEyeBallX",
			"Segments": [
				0,
				1,
				1,
				0.2,
				1,
				0.4,
				0,
				0.6,
				0,
				0,
				2.3,
				0
			]
		},
		{
			"Target": "Parameter",
			"Id": "ParamEyeBallY",
			"Segments": [
				0,
				0,
				1,
				0.2,
				0,
				0.4,
				0,
				0.6,
				0,
				0,
				2.3,
				0
			]
		},
		{
			"Target": "Parameter",
			"Id": "ParamBrowLY",
			"Segments": [
				0,
				0,
				0,
				2.3,
				0
			]
		},
		{
			"Target": "Parameter",
			"Id": "ParamBrowRY",
			"Segments": [
				0,
				0,
				0,
				2.3,
				0
			]
		},
		{
			"Target": "Parameter",
			"Id": "ParamBrowLX",
			"Segments": [
				0,
				0,
				0,
				2.3,
				0
			]
		},
		{
			"Target": "Parameter",
			"Id": "ParamBrowRX",
			"Segments": [
				0,
				0,
				0,
				2.3,
				0
			]
		},
		{
			"Target": "Parameter",
			"Id": "ParamBrowLAngle",
			"Segments": [
				0,
				0,
				0,
				2.3,
				0
			]
		},
		{
			"Target": "Parameter",
			"Id": "ParamBrowRAngle",
			"Segments": [
				0,
				0,
				0,
				2.3,
				0
			]
		},
		{
			"Target": "Parameter",
			"Id": "ParamBrowLForm",
			"Segments": [
				0,
				0,
				0,
				2.3,
				0
			]
		},
		{
			"Target": "Parameter",
			"Id": "ParamBrowRForm",
			"Segments": [
				0,
				0,
				0,
				2.3,
				0
			]
		},
		{
			"Target": "Parameter",
			"Id": "ParamMouthOpenY",
			"Segments": [
				0,
				0,
				0,
				2.3,
				0
			]
		},
		{
			"Target": "Parameter",
			"Id": "ParamMouthForm",
			"Segments": [
				0,
				1,
				0,
				2.3,
				1
			]
		},
		{
			"Target": "Parameter",
			"Id": "ParamArmL",
			"Segments": [
				0,
				1,
				1,
				0.156,
				1,
				0.311,
				0,
				0.467,
				0,
				1,
				0.633,
				0,
				0.8,
				1,
				0.967,
				1,
				0,
				2.3,
				1
			]
		},
		{
			"Target": "Parameter",
			"Id": "ParamArmR",
			"Segments": [
				0,
				-1,
				1,
				0.156,
				-1,
				0.311,
				0,
				0.467,
				0,
				1,
				0.633,
				0,
				0.8,
				-1,
				0.967,
				-1,
				0,
				2.3,
				-1
			]
		},
		{
			"Target": "Parameter",
			"Id": "ParamBodyAngleX",
			"Segments": [
				0,
				-10,
				1,
				0.189,
				-10,
				0.378,
				-6,
				0.567,
				-6,
				1,
				0.744,
				-6,
				0.922,
				-8,
				1.1,
				-8,
				0,
				2.3,
				-8
			]
		},
		{
			"Target": "Parameter",
			"Id": "ParamBodyAngleY",
			"Segments": [
				0,
				0,
				1,
				0.044,
				0,
				0.089,
				-5,
				0.133,
				-5,
				1,
				0.211,
				-5,
				0.289,
				10,
				0.367,
				10,
				1,
				0.467,
				10,
				0.567,
				-6,
				0.667,
				-6,
				1,
				0.778,
				-6,
				0.889,
				0,
				1,
				0,
				0,
				2.3,
				0
			]
		},
		{
			"Target": "Parameter",
			"Id": "ParamBodyAngleZ",
			"Segments": [
				0,
				0,
				1,
				0.233,
				0,
				0.467,
				4,
				0.7,
				4,
				1,
				0.856,
				4,
				1.011,
				0,
				1.167,
				0,
				0,
				2.3,
				0
			]
		},
		{
			"Target": "Parameter",
			"Id": "ParamBreath",
			"Segments": [
				0,
				0,
				0,
				2.3,
				0
			]
		}
	]
}